Date,open,high,low,close,mean_candle,label,action,%body,%upper-shadow,%lower-shadow,MA,trend,open_norm,high_norm,low_norm,close_norm
2019-01-02,70.5,70.5,68.8499984741211,56.04957580566406,56.04957580566406,[],None,8.757824746033874,0.0,-7.757824746033874,,0,0.6279792440930003,0.5916258386265101,0.5572835401654577,0.4625588070088549
2019-01-03,69.33999633789062,69.75,69.06999969482422,55.41873550415039,55.41873550415039,[],None,20.47243321477858,0.6029462913305433,-20.075379506109122,,0,0.5678754250274589,0.550842811474956,0.5686884758970074,0.41861901773363774
2019-01-04,69.80000305175781,71.91000366210938,69.80000305175781,57.42306518554688,57.42306518554688,['three black crows'],None,5.865845633167243,1.0,-5.865845633167243,,0,0.5917099707296094,0.6682981288073067,0.6065320903234839,0.5582261792090621
2019-01-07,71.29000091552734,72.62000274658203,71.29000091552734,57.990028381347656,57.990028381347656,['three black crows'],None,9.99996558172619,1.0,-9.99996558172619,,0,0.6689119356347888,0.706906011393476,0.6837740702639912,0.5977167496284119
2019-01-08,71.91999816894531,73.0999984741211,71.6500015258789,57.742469787597656,57.742469787597656,['three black crows'],None,9.777626358824334,0.8137950266766287,-9.591421385500963,,0,0.7015542816618403,0.7330069164452837,0.7024366204591952,0.5804736020099996
2019-01-09,73.0999984741211,73.70999908447266,72.68000030517578,58.17369079589844,58.17369079589844,['three black crows'],None,14.49157802731771,0.5922343041687653,-14.083812331486474,,0,0.7626941962640079,0.7661771450511932,0.755832096374792,0.6105093498693535
2019-01-10,72.56999969482422,72.66999816894531,72.08000183105469,57.83830261230469,57.83830261230469,['three black crows'],None,24.969133088501525,0.16948999120674493,-24.13862307970827,,0,0.7352331185309504,0.7096246309504028,0.7247279778862268,0.5871486259632448
2019-01-11,72.79000091552734,72.79000091552734,71.0,57.343204498291016,57.343204498291016,['three black crows'],None,8.629490791453378,0.0,-7.629490791453377,,0,0.7466321459609966,0.7161500646465577,0.6687403273006143,0.5526636592480245
2019-01-14,71.44999694824219,71.86000061035156,71.22000122070312,57.13559722900391,57.13559722900391,['three black crows'],None,22.366270891447908,0.640631332999547,-22.006902224447455,,0,0.6772018858440929,0.6655790943839741,0.680145263032164,0.5382032329838973
2019-01-15,72.29000091552734,73.19999694824219,71.19999694824219,57.27133941650391,57.27133941650391,['three black crows'],None,7.509330749511715,0.4549980163574219,-6.964328765869137,,0,0.7207254091855941,0.7384445704255431,0.6791082349600277,0.5476580555438946
2019-01-16,71.87000274658203,71.87000274658203,71.19999694824219,57.15953826904297,57.15953826904297,['three black crows'],None,21.955727120554776,0.0,-20.955727120554776,,0,0.6989638451675595,0.6661229842419218,0.6791082349600277,0.5398707933027631
2019-01-17,71.3499984741211,71.38999938964844,70.5999984741211,56.82416534423828,56.82416534423828,['three black crows'],None,18.387109235419665,0.05063401160825519,-17.43774324702792,,0,0.6720206175500989,0.6400216643237084,0.6480041164714625,0.5165111322139384
2019-01-18,71.76000213623047,73.55000305175781,71.76000213623047,58.56497573852539,58.56497573852539,['three black crows'],None,7.371519356914828,1.0,-7.371519356914828,,0,0.6932643314525362,0.7574769816560596,0.7081390883249701,0.6377634391917057
2019-01-21,73.37999725341797,73.48999786376953,72.80999755859375,58.43721008300781,58.43721008300781,['three black crows'],None,21.97467715333954,0.16176553085976506,-21.136442684199306,,0,0.7772019056093646,0.7542140573747793,0.7625711968023778,0.6288642043670096
2019-01-22,72.83999633789062,72.86000061035156,72.41999816894531,58.18167495727539,58.18167495727539,['three black crows'],None,33.31418192537107,0.045464003329171866,-32.35964592870024,,0,0.7492225824552778,0.7199564639193796,0.7423535000092945,0.6110654690132966
2019-01-23,72.68000030517578,72.68000030517578,71.7300033569336,57.59873962402344,57.59873962402344,['three black crows'],None,15.87506223999743,0.0,-14.87506223999743,,0,0.7409326322459733,0.7101685208083506,0.7065839417270907,0.570462394601738
2019-01-24,72.37999725341797,73.22000122070312,72.37999725341797,58.18965911865234,58.18965911865234,['three black crows'],None,16.89317989845688,1.0,-16.89317989845688,,0,0.7253884320585593,0.7395323501414381,0.7402798393753467,0.6116215881572389
2019-01-25,73.69999694824219,74.70999908447266,73.55000305175781,59.41941833496094,59.41941833496094,['three black crows'],None,12.310885736271976,0.8706944745894254,-12.181580210861402,,0,0.7937822013334048,0.8205545145865987,0.8009333252649227,0.6972777529491854
2019-01-28,74.97000122070312,74.97000122070312,73.7300033569336,59.24373626708984,59.24373626708984,['three black crows'],None,12.682493585760085,0.0,-11.682493585760085,,0,0.8595855341139695,0.8346927468283978,0.8102646003625247,0.6850410061478662
2019-01-29,74.08999633789062,74.30000305175781,73.18000030517578,59.06007385253906,59.06007385253906,['three black crows'],None,13.419540738823304,0.18750553470344208,-12.607046273526747,57.7532600402832,0,0.8139894243937844,0.7982600088076133,0.7817522610336503,0.6722484059069256
2019-01-30,73.63999938964844,73.81999969482422,73.23999786376953,58.6368408203125,58.6368408203125,['three black crows'],None,25.867433111467733,0.3103443739970009,-25.177777485464734,57.882623291015626,0,0.7906735194180947,0.7721586888894008,0.7848625542294094,0.6427690428958366
2019-01-31,74.01000213623047,74.01000213623047,72.48999786376953,58.86842727661133,58.86842727661133,['three black crows'],None,9.961534407468754,0.0,-8.961534407468754,58.05510787963867,0,0.8098446469418481,0.7824905218583771,0.7459823072411216,0.6588996865220418
2019-02-01,73.58999633789062,74.41999816894531,73.44999694824219,59.05208206176758,59.05208206176758,['three black crows'],None,14.987521629699543,0.8556709139531226,-14.843192543652666,58.13655872344971,0,0.788082687618382,0.8047850276373625,0.7957489759248908,0.6716917553543409
2019-02-04,74.44999694824219,74.44999694824219,72.93000030517578,58.405269622802734,58.405269622802734,['three black crows'],None,10.555764973974672,0.0,-9.555764973974672,58.15732078552246,0,0.8326423064965089,0.8064162823447996,0.7687921787042211,0.6266394620869162
2019-02-05,73.13999938964844,73.91999816894531,73.06999969482422,58.98820877075195,58.98820877075195,['three black crows'],None,16.64919532182639,0.9176472700182208,-16.566842591844612,58.219607734680174,0,0.7647667826426923,0.7775963428696597,0.7760497931678754,0.6672428022027947
2019-02-06,73.48999786376953,73.76000213623047,73.02999877929688,58.72468185424805,58.72468185424805,['three black crows'],None,20.22636727527356,0.36986716553619764,-19.596234440809756,58.24715728759766,0,0.7829014193243875,0.7688961794745257,0.7739761325339276,0.6488874162964962
2019-02-07,73.5,73.5,71.19000244140625,56.95191955566406,56.95191955566406,['three black crows'],None,7.163678759214733,0.0,-6.163678759214733,58.20283813476563,0,0.7834196647454168,0.754757947232727,0.6785901164342847,0.5254095699256718
2019-02-08,71.19999694824219,71.43000030517578,69.19000244140625,55.64231872558594,55.64231872558594,['three black crows'],None,6.945398687334171,0.10268016798307908,-6.04807885531725,58.11779384613037,0,0.6642485174563917,0.6421968088890933,0.5749094577988507,0.43419221369429417
2019-02-11,70.12999725341797,70.12999725341797,68.69999694824219,55.58641815185547,55.58641815185547,['three black crows'],None,10.170332865610645,0.0,-9.170332865610645,58.04033489227295,0,0.6088081165692469,0.5715060625465038,0.549507411665735,0.4302985825737289
2019-02-12,69.76000213623047,70.16000366210938,69.2699966430664,55.78605270385742,55.78605270385742,['three black crows'],None,15.700942951438002,0.44943637220864946,-15.15037932364665,57.966070556640624,0,0.5896373843509255,0.573137732120347,0.5790563835564209,0.44420368680687705
2019-02-13,70.41000366210938,70.80999755859375,69.79000091552734,56.28913497924805,56.28913497924805,['three black crows'],None,13.8440344670252,0.3921521695227125,-13.236186636547911,57.92255039215088,0,0.6233162212200352,0.6084826904252361,0.6060135762874159,0.4792447726660396
2019-02-14,70.58999633789062,70.7699966430664,69.4800033569336,55.60239028930664,55.60239028930664,['three black crows'],None,11.618359730781515,0.13953584651234313,-10.757895577293857,57.8614616394043,0,0.6326422669659659,0.6063075458598508,0.5899432007622276,0.4314110865659364
2019-02-15,69.11000061035156,71.05999755859375,68.0999984741211,56.512725830078125,56.512725830078125,['three black crows'],None,4.255837390746263,0.6587829565459452,-3.9146203472922085,57.758849143981934,0,0.5559585474818158,0.6220770328090874,0.5184032931771698,0.49481850003533845
2019-02-18,70.56999969482422,70.77999877929688,70.13999938964844,56.44884490966797,56.44884490966797,['three black crows'],None,22.064325393987076,0.32812388241184465,-21.39244927639892,57.65943088531494,0,0.6316061714293397,0.6068514357177985,0.6241576124465515,0.49036901547515077
2019-02-19,70.5,71.13999938964844,70.26000213623047,56.80818939208984,56.80818939208984,['three black crows'],None,15.558924252013568,0.7272743035988313,-15.2861985556124,57.59075660705567,0,0.6279792440930003,0.6264273219398571,0.6303785943483948,0.5153983625174097
2019-02-20,71.38999938964844,72.63999938964844,71.29000091552734,57.94211196899414,57.94211196899414,['three black crows'],None,9.961409348561999,0.9259269724832859,-9.887336321045284,57.607925224304196,0,0.6740932039287828,0.7079933762429658,0.6837740702639912,0.5943792376517898
2019-02-21,72.88999938964844,73.20999908447266,72.48999786376953,58.30943298339844,58.30943298339844,['three black crows'],None,20.250752341796296,0.44444326707074133,-19.69519560886704,57.6139139175415,0,0.7518134142549906,0.7389884602834904,0.7459823072411216,0.6199641724293503
2019-02-22,73.12000274658203,73.70999908447266,73.05999755859375,58.541015625,58.541015625,['three black crows'],None,22.42915830369614,0.9076845428829654,-22.336842846579106,57.569993782043454,0,0.7637306871060661,0.7661771450511932,0.7755312791318074,0.6360945503512347
2019-02-25,73.88999938964844,74.29000091552734,73.58999633789062,58.94029235839844,58.94029235839844,['three black crows'],None,21.3565846693769,0.5714270144194614,-20.928011683796363,57.55482158660889,0,0.8036268878057959,0.7977161189496664,0.803006590388545,0.6639052902261726
2019-02-26,73.38999938964844,74.1500015258789,73.04000091552734,59.211795806884766,59.211795806884766,['three black crows'],None,12.773149357344147,0.6846862327307719,-12.45783559007492,57.562407684326175,0,0.7777201510303935,0.7901033204040218,0.774494646569996,0.6828162638677728
2019-02-27,73.98999786376953,74.31999969482422,73.69000244140625,59.291648864746094,59.291648864746094,['three black crows'],None,23.330814411141386,0.5238147138964577,-22.854629125037846,57.59514808654785,0,0.8088081560997904,0.7993473736571035,0.8081909397285769,0.6883782524201676
2019-02-28,73.87999725341797,74.41999816894531,73.81999969482422,59.40345001220703,59.40345001220703,['three black crows'],None,24.12764009511336,0.9000038147069669,-24.027643909820327,57.62189922332764,0,0.8031086423847671,0.8047850276373625,0.8149300401561632,0.6961655146612982
2019-03-01,74.72000122070312,75.30999755859375,74.63999938964844,59.73882293701172,59.73882293701172,['three black crows'],None,22.360028695711584,0.8805939556810677,-22.240622651392652,57.656236267089845,0,0.8466321657262683,0.8531808533345613,0.8574390943762782,0.7195251757501229
2019-03-04,75.45999908447266,75.45999908447266,74.36000061035156,59.53919219970703,59.53919219970703,['three black crows'],None,14.473480881404365,0.0,-13.473480881404365,57.712932395935056,0,0.8849740254683431,0.8613375417381537,0.8429238654489692,0.7056203372212959
2019-03-05,74.58000183105469,75.16999816894531,74.30999755859375,60.02630615234375,60.02630615234375,['three black crows'],None,16.922889941626302,0.6860417664697219,-16.608931708096023,57.76483726501465,0,0.83937831105359,0.8455680547889166,0.8403316907789535,0.7395491847925726
2019-03-06,74.5999984741211,74.63999938964844,73.7300033569336,59.427391052246094,59.427391052246094,['three black crows'],None,16.673267658771746,0.04395724166841333,-15.71722490044016,57.799972724914554,0,0.8404144065902162,0.8167481153137768,0.8102646003625247,0.6978330749801653
2019-03-07,73.48999786376953,73.52999877929688,72.48999786376953,58.31742858886719,58.31742858886719,['three black crows'],None,14.588996075266845,0.038462384917287165,-13.627458460184132,57.86824817657471,0,0.7829014193243875,0.7563892019401641,0.7459823072411216,0.6205210886862567
2019-03-08,72.48999786376953,72.5999984741211,71.47000122070312,57.70255661010742,57.70255661010742,['three black crows'],None,13.086263005448616,0.09734590948680381,-12.18360891493542,57.97126007080078,0,0.7310879457735822,0.7058182316775805,0.6931053453615932,0.5776935376989263
2019-03-11,72.58999633789062,73.4800033569336,72.05999755859375,58.67677688598633,58.67677688598633,['three black crows'],None,9.798001858985725,0.6267629470833803,-9.424764806069104,58.12577800750732,0,0.7362692140675766,0.7536705823832373,0.7236909498140904,0.6455507014328372
2019-03-12,73.69000244140625,73.87000274658203,73.0,58.45317459106445,58.45317459106445,['three black crows'],None,17.51353994019275,0.2068962493313339,-16.720436189524087,58.25913410186767,1,0.7932643512178079,0.7748777233127333,0.7724209859360482,0.6299761769505752
2019-03-13,72.80000305175781,73.6500015258789,72.80000305175781,58.804534912109375,58.804534912109375,['three black crows'],None,16.465286192566264,1.0,-16.465286192566264,58.384904098510745,1,0.7471503913820254,0.762914635636319,0.7620530782766348,0.6544494048488909
2019-03-14,73.5199966430664,74.61000061035156,73.5199966430664,59.00416946411133,59.00416946411133,['three black crows'],None,13.317224170393857,1.0,-13.317224170393857,58.554993057250975,1,0.7844557602820426,0.8151168606063397,0.7993777831567179,0.6683545090820395
2019-03-15,74.13999938964844,75.0,73.76000213623047,59.25969696044922,59.25969696044922,['three black crows'],None,12.000264568169372,0.6935500741406149,-11.693814642309988,58.69234161376953,1,0.8165802561934976,0.8363240015358357,0.811819746960404,0.686152713027111
2019-03-18,74.4000015258789,74.58000183105469,73.94999694824219,59.5551643371582,59.5551643371582,['three black crows'],None,23.563051007556677,0.2857125557062585,-22.848763563262935,58.84765758514404,1,0.8300518700022277,0.8134856058989026,0.8216691405837495,0.706732841213503
2019-03-19,74.29000091552734,76.08999633789062,74.29000091552734,60.47349166870117,60.47349166870117,['three black crows'],None,7.675857991175311,1.0,-7.675857991175311,59.03092269897461,1,0.8243523562872048,0.8955951351935525,0.8392950582171421,0.7706969052354911
2019-03-20,75.5,75.83000183105469,71.41000366210938,57.758445739746094,57.758445739746094,['three black crows'],sell,4.01392796605781,0.07466107867945827,-3.0885890447372693,59.021739387512206,1,0.8870466118470275,0.8814573178181595,0.6899950521658345,0.5815863717065284
2019-03-21,71.83999633789062,72.30000305175781,70.94000244140625,56.97587585449219,56.97587585449219,['three black crows'],sell,10.929495450414567,0.3382400789866373,-10.267735529401206,58.955061531066896,1,0.6974091089044725,0.6895052697368023,0.6656300341048551,0.5270781930618225
2019-03-22,71.30000305175781,71.41999816894531,69.2300033569336,55.75410842895508,55.75410842895508,['three black crows'],sell,7.098598835730734,0.054792420753395785,-6.15339125648413,58.81571617126465,1,0.6694301810558176,0.641652919031146,0.576983118432798,0.441978678822462
2019-03-25,69.19000244140625,69.52999877929688,68.80000305175781,55.147220611572266,55.147220611572266,['three black crows'],sell,19.236800025083088,0.46575113396459106,-18.70255115904768,58.62606258392334,1,0.5601037202391836,0.5388797237985417,0.5546917610057669,0.3997072469790748
2019-03-26,69.3499984741211,69.3499984741211,68.0,54.38860702514648,54.38860702514648,['three black crows'],sell,11.082524710789112,0.0,-10.082524710789112,58.38490314483643,1,0.5683936704484882,0.5290917806875122,0.5132193393474633,0.34686769147051866
2019-03-27,68.30000305175781,68.80000305175781,67.86000061035156,54.56428527832031,54.56428527832031,['three black crows'],None,14.612427764430882,0.5319135121096032,-14.144341276540484,58.14853496551514,1,0.5139897604034016,0.49918447636288255,0.5059617248838091,0.3591041725675166
2019-03-28,68.5,68.5,67.83000183105469,54.532344818115234,54.532344818115234,['three black crows'],sell,20.84730351408595,0.0,-19.84730351408595,57.90497970581055,1,0.5243522969913896,0.4828710995556986,0.5044065782859293,0.35687943028742275
2019-03-29,68.3499984741211,69.05000305175781,68.12000274658203,55.13924026489258,55.13924026489258,['three black crows'],None,14.205111692658557,0.7526928472398828,-13.957804539898438,57.67500057220459,1,0.5165801968976829,0.5127788187467339,0.5194403212493062,0.3991513935394524
2019-04-01,69.73999786376953,70.38999938964844,69.5999984741211,55.89785003662109,55.89785003662109,['three black crows'],None,17.5216858045139,0.8227857880962268,-17.344471592610127,57.492933464050296,0,0.5886008935088678,0.5856442947883029,0.5961637871537455,0.4519906833436864
2019-04-02,70.12999725341797,71.54000091552734,69.72000122070312,56.93595886230469,56.93595886230469,['three black crows'],None,7.2494728590532,0.774727416778802,-7.024200275832002,57.33841609954834,0,0.6088081165692469,0.6481783527273004,0.6023847690555884,0.5242978630464274
2019-04-03,72.1500015258789,72.83999633789062,71.80000305175781,57.92613983154297,57.92613983154297,['three black crows'],None,13.676878383731678,0.6634608330765732,-13.340339216808252,57.263353538513186,0,0.7134715545129158,0.7188686842034846,0.7102127489589178,0.5932667336595827
2019-04-04,72.68000030517578,73.7699966430664,72.0999984741211,58.56497573852539,58.56497573852539,['three black crows'],None,8.452119786193979,0.6526931335373932,-8.104812919731373,57.27573089599609,0,0.7409326322459733,0.7694396544660682,0.7257646104480378,0.6377634391917057
2019-04-05,73.55000305175781,74.02999877929688,73.43000030517578,58.72468185424805,58.72468185424805,['three black crows'],None,24.708931500578565,0.7999949137240441,-24.508926414302607,57.326837158203126,0,0.7860104965451296,0.7835778867078673,0.7947123433630794,0.6488874162964962
2019-04-08,71.62999725341797,73.66000366210938,71.52999877929688,58.50907516479492,58.50907516479492,['three black crows'],None,6.160043197317898,0.9530524671900968,-6.113095664507995,57.31845207214356,0,0.6865283268954552,0.7634585254942667,0.6962156385573524,0.6338698080711405
2019-04-09,73.81999969482422,73.86000061035156,72.97000122070312,58.41324996948242,58.41324996948242,['three black crows'],None,17.310966619232946,0.044944879729799235,-16.355911498962744,57.31645584106445,0,0.799999960469457,0.7743338334547856,0.7708658393381689,0.6271953155265377
2019-04-10,73.37000274658203,73.41000366210938,73.05000305175781,58.36533737182617,58.36533737182617,['three black crows'],None,41.679555376594756,0.11111346585851736,-40.79066884245327,57.29449596405029,0,0.7766840554937673,0.7498641831104154,0.775013160606064,0.6238580692542373
2019-04-11,73.0999984741211,73.80000305175781,72.80999755859375,58.66079711914063,58.66079711914063,['three black crows'],None,14.584970946810307,0.7070714076540128,-14.29204235446432,57.277327346801755,0,0.7626941962640079,0.7710713240399105,0.7625711968023778,0.6444376660319877
2019-04-12,73.62999725341797,75.5,73.62999725341797,60.0342903137207,60.0342903137207,['three black crows'],None,7.270420840048143,1.0,-7.270420840048143,57.31605701446533,0,0.7901552739970659,0.8635126863035385,0.8050802510224928,0.7401053039365157
2019-04-15,74.66000366210938,75.81999969482422,74.66000366210938,60.3217658996582,60.3217658996582,['three black crows'],None,12.360592069348803,1.0,-12.360592069348803,57.35438709259033,0,0.8435234838109582,0.8809134279602118,0.8584761224484145,0.760128781570323
2019-04-16,75.70999908447266,76.52999877929688,75.70999908447266,61.056427001953125,61.056427001953125,['three black crows'],None,17.87021650741075,1.0,-17.87021650741075,57.38353385925293,0,0.8979273938560444,0.9195213105463811,0.9129082309258223,0.8112999796470488
2019-04-17,76.52999877929688,78.0,76.52999877929688,61.77510833740234,61.77510833740234,['three black crows'],None,10.037332101559098,1.0,-10.037332101559098,57.584366989135745,0,0.9404144263554879,0.9994561101420523,0.9554172851459373,0.8613581423229251
2019-04-18,77.04000091552734,77.91999816894531,76.9800033569336,62.17438125610352,62.17438125610352,['three black crows'],None,15.814576282191751,0.9361724577337327,-15.750748739925484,57.84429225921631,0,0.9668394085519192,0.9951058210112826,0.9787456706451048,0.8891686164935431
2019-04-23,77.68000030517578,78.01000213623047,77.38999938964844,61.79906463623047,61.79906463623047,['three black crows'],None,25.614298898664863,0.5322586599397034,-25.146557558604567,58.14654006958008,0,1.0000000000000004,1.0,1.0,0.8630267654590762
2019-04-24,77.38999938964844,77.38999938964844,76.0,61.15224456787109,61.15224456787109,['three black crows'],None,11.681843130797525,0.0,-10.681843130797525,58.44679126739502,0,0.9849740452336149,0.9662858815361419,0.9279419738891992,0.8179739407830091
2019-04-25,76.76000213623047,76.76000213623047,75.86000061035156,60.60125732421875,60.60125732421875,['three black crows'],None,17.954130462425297,0.0,-16.954130462425297,58.75742378234863,1,0.9523316992065629,0.9320282880807431,0.9206843594255449,0.7795961400601872
2019-04-26,75.98999786376953,76.27999877929688,75.76000213623047,60.91268157958984,60.91268157958984,['three black crows'],None,28.995026189533004,0.5576976686180436,-28.552723858151047,59.07484359741211,1,0.9124351032014011,0.9059269681625297,0.915500405595838,0.8012877094215023
2019-04-29,76.37000274658203,76.69999694824219,75.77999877929688,60.689090728759766,60.689090728759766,['three black crows'],sell,17.0445035078699,0.3586900635231287,-16.403193571393032,59.382680892944336,1,0.9321244761461833,0.9287653637994628,0.9165370381576494,0.7857139820522043
2019-04-30,75.88999938964844,75.97000122070312,75.48999786376953,60.66513442993164,60.66513442993164,['three black crows'],sell,31.71824684097592,0.16666931574346341,-30.884916156719385,59.65897560119629,1,0.9072538349074066,0.8890701163638033,0.9015032951942725,0.7840453589160541
2019-05-02,75.87000274658203,76.56999969482422,75.6500015258789,60.52140426635742,60.52140426635742,['three black crows'],sell,16.68329242200587,0.7608677624268158,-16.444160184432686,59.890153312683104,1,0.9062177393707809,0.9216964551117659,0.9097979377300631,0.7740341515077924
2019-05-03,75.8499984741211,75.86000061035156,75.38999938964844,60.57730102539063,60.57730102539063,['three black crows'],None,32.49501655736639,0.021281085643789364,-31.51629764301018,60.072220420837404,1,0.9051812485287227,0.8830885725255966,0.896319341364566,0.7779275169240369
2019-05-06,74.0,74.11000061035156,72.45999908447266,59.17985916137695,59.17985916137695,['three black crows'],sell,8.981895232326409,0.06666697492474649,-8.048562207251155,60.1349063873291,1,0.8093264015208192,0.787928175838637,0.7444271606432422,0.6805917872920002
2019-05-07,72.5999984741211,73.66000366210938,71.47000122070312,57.758445739746094,57.758445739746094,['three black crows'],sell,6.776957163958641,0.48402009420027314,-6.260977258158914,60.09457988739014,1,0.7367874594886055,0.7634585254942667,0.6931053453615932,0.5815863717065284
2019-05-08,71.63999938964844,72.08999633789062,69.98999786376953,57.39910125732422,57.39910125732422,['three black crows'],sell,6.781384990426919,0.21428441676869475,-5.9956694071956145,60.02830085754395,1,0.687046572316484,0.67808565705193,0.6163814839468293,0.556557024664269
2019-05-09,71.0,71.0,68.7300033569336,56.15338134765625,56.15338134765625,['three black crows'],sell,6.540370311864566,0.0,-5.540370311864566,59.91051616668701,1,0.6538859808684032,0.6188145233942128,0.5510629537739398,0.4697891529930791
2019-05-10,69.98999786376953,70.33000183105469,68.68000030517578,55.75410842895508,55.75410842895508,['three black crows'],sell,8.62780379989735,0.20606281991408848,-7.833866619811438,59.77755908966064,1,0.601554261896569,0.5823817853734283,0.548470779103924,0.441978678822462
2019-05-13,69.25,69.41999816894531,67.0999984741211,54.66809844970703,54.66809844970703,['three black crows'],sell,6.285303219144521,0.0732750824599539,-5.358578301604475,59.59269714355469,1,0.5632124021544938,0.5328981799603345,0.46656296385945284,0.36633504996038324
2019-05-14,68.08000183105469,69.01000213623047,67.5199966430664,54.70003890991211,54.70003890991211,['three black crows'],None,8.979807780929656,0.6241589775624943,-8.60396675849215,59.394659233093265,1,0.5025907329733554,0.5106036741813491,0.48833580725041603,0.3685597922404771
2019-05-15,68.4000015258789,70.44999694824219,66.61000061035156,56.24920654296875,56.24920654296875,['three black crows'],None,3.1642725444849757,0.5338534836961273,-2.698126028181103,59.20540504455566,1,0.5191710286973956,0.5889068042031775,0.4411613132366625,0.47646364553768183
2019-05-16,70.18000030517578,70.5,69.19000244140625,55.89785003662109,55.89785003662109,['three black crows'],sell,10.902425103666781,0.24427503144947119,-10.146700135116252,58.98420925140381,1,0.6113989483689601,0.5916258386265101,0.5749094577988507,0.4519906833436864
2019-05-17,66.23999786376953,66.58000183105469,65.1500015258789,55.58683395385742,55.58683395385742,['three black crows'],sell,7.44976338211521,0.23776496134618771,-6.687528343461397,58.71072959899902,1,0.40725373608104887,0.37846664961565724,0.36547447989403503,0.4303275443447223
2019-05-20,66.38999938964844,66.47000122070312,64.45999908447266,54.55293655395508,54.55293655395508,['three black crows'],sell,5.889079728985974,0.03980186369588734,-4.928881592681862,58.34962100982666,1,0.4150258361747561,0.3724851057774501,0.32970452610150636,0.35831370221241343
2019-05-21,65.19999694824219,65.33000183105469,64.43000030517578,54.48569107055664,54.48569107055664,['three black crows'],sell,11.904764124952317,0.1444496248887382,-11.049213749841055,57.965186500549315,1,0.3533676761515596,0.31049493769640035,0.32814937950362655,0.35362986644106575
2019-05-22,64.87999725341797,64.87999725341797,63.4900016784668,53.93932342529297,53.93932342529297,['three black crows'],sell,7.871013422837211,0.0,-6.871013422837211,57.57219944000244,0,0.336787380427519,0.28602487248562447,0.2794195411368312,0.315573833651027
2019-05-23,63.56999969482422,63.59999847412109,62.83000183105469,53.29208755493164,53.29208755493164,['three black crows'],None,13.34799603666101,0.038959623482775374,-12.386955660143785,57.17919158935547,0,0.2689118565737023,0.21642190585892962,0.24520493169734436,0.2704920472039669
2019-05-24,63.43000030517578,64.16999816894531,63.380001068115234,53.678749084472656,53.678749084472656,['three black crows'],None,12.343401273823838,0.9367095942402689,-12.280110868064106,56.83306617736817,0,0.26165800190102395,0.24741698989945515,0.2737170732710563,0.2974241028892153
2019-05-27,63.97999954223633,64.91000366210938,63.400001525878906,53.502227783203125,53.502227783203125,['three black crows'],None,6.938911878091543,0.6158958968062692,-6.554807774897812,56.46254348754883,0,0.29015537282342363,0.2876565420594672,0.2747539035880302,0.2851289011372673
2019-05-28,64.12000274658203,64.56999969482422,63.70000076293945,53.83846282958984,53.83846282958984,['three black crows'],None,11.817876482581728,0.5172385065661106,-11.335114989147838,56.12001209259033,0,0.29740942514881796,0.2691680206868985,0.290305962832313,0.3085486114026472
2019-05-29,63.58000183105469,63.58000183105469,62.900001525878906,53.1575927734375,53.1575927734375,['three black crows'],None,15.327065264953045,0.0,-14.327065264953045,55.744635009765624,0,0.26943010199473116,0.21533454100944027,0.24883373892917193,0.26112410995695035
2019-05-30,63.13999938964844,63.41999816894531,62.86000061035156,53.07353591918945,53.07353591918945,['three black crows'],None,17.97590599455041,0.5,-17.47590599455041,55.37224159240723,0,0.24663204713463882,0.20663396274790058,0.24676007829522417,0.25526931524276586
2019-05-31,62.09000015258789,62.11000061035156,61.459999084472656,52.2077522277832,52.2077522277832,['three black crows'],None,15.203422655727314,0.030769862788595843,-14.23419251851591,54.95376415252686,0,0.19222793943683625,0.1353997414137691,0.1741835381483554,0.19496506253882595
2019-06-03,61.31999969482422,61.72999954223633,61.310001373291016,51.56892013549805,51.56892013549805,['three black crows'],None,23.21695731153497,0.9761943687556767,-23.193151680290644,54.57321720123291,0,0.1523315410843904,0.11473628290901816,0.16640760740379523,0.15046862271102368
2019-06-04,61.47999954223633,63.630001068115234,61.400001525878906,53.3929557800293,53.3929557800293,['three black crows'],None,3.6264777678371347,0.9641264426999852,-3.5906042105371196,54.35494270324707,0,0.1606216889464105,0.2180533679995702,0.17107324495259624,0.2775178008609882
2019-06-05,63.70000076293945,63.70000076293945,63.02000045776367,53.0987548828125,53.0987548828125,['three black crows'],None,15.590060474144218,0.0,-14.590060474144218,54.13992538452148,0,0.27564766347806735,0.2218597672723921,0.2550545230758523,0.2570258865091817
2019-06-06,62.68999862670898,63.04999923706055,62.290000915527344,52.47673034667969,52.47673034667969,['three black crows'],None,13.438540573912423,0.4736860597603856,-12.912226633672809,53.956092834472656,0,0.2233159445062327,0.18651439410109738,0.21721110640453833,0.21370013991989545
2019-06-07,62.75,62.790000915527344,62.060001373291016,52.36745834350586,52.36745834350586,['three black crows'],None,14.222668722075614,0.054795809055992475,-13.277464531131606,53.786760330200195,0,0.22642482407425923,0.17237636929250133,0.20528785439208308,0.2060890396436159
2019-06-11,63.34999847412109,63.5099983215332,62.79999923706055,52.86339569091797,52.86339569091797,['three black crows'],None,14.769882120329667,0.22535218834958717,-13.995234308679253,53.696525192260744,0,0.2575128291436557,0.21152793430341532,0.24364958734430253,0.24063246130946503
2019-06-12,62.68999862670898,62.91999816894531,62.459999084472656,52.72890853881836,52.72890853881836,['three black crows'],None,21.65458676794983,0.5000000000000154,-21.154586767949844,53.597968673706056,0,0.2233159445062327,0.17944527798019783,0.2260238674660724,0.23126505547109089
2019-06-13,62.5,62.869998931884766,62.0,52.84658432006836,52.84658432006836,['three black crows'],None,11.095893714511213,0.4252866507355359,-10.52118036524675,53.42783756256104,0,0.21347145568655757,0.17672645099006834,0.20217736344116144,0.23946150236662822
2019-06-14,62.77000045776367,62.77000045776367,62.16999816894531,52.51035690307617,52.51035690307617,['three black crows'],None,17.09934069567097,0.0,-16.09934069567097,53.25846290588379,0,0.22746111726360096,0.17128879700980892,0.2109901245026955,0.21604232350989028
2019-06-17,62.83000183105469,62.83000183105469,62.18999862670898,52.27499771118164,52.27499771118164,['three black crows'],None,16.492111364760536,0.0,-15.492111364760536,53.09287109375,0,0.23056999683162704,0.17455151385788614,0.21202695481966893,0.19964889831017363
2019-06-18,62.11000061035156,63.72999954223633,61.7400016784668,53.38454818725586,53.38454818725586,['three black crows'],None,4.384654165692225,0.8140706889082286,-4.198724854600453,53.03445167541504,0,0.19326423262617842,0.22349102197982962,0.18869896483082638,0.2769321885374092
2019-06-19,63.70000076293945,64.41000366210938,63.650001525878906,53.80483627319336,53.80483627319336,['three black crows'],None,13.019916679214978,0.9342117151031472,-12.954128394318126,53.00040893554687,0,0.27564766347806735,0.26046785729176447,0.28771398591745934,0.30620642781265284
2019-06-20,64.9000015258789,65.0,64.47000122070312,54.19149398803711,54.19149398803711,['three black crows'],None,20.2047777393908,0.18867680082915875,-19.393454540219956,53.01301746368408,0,0.33782387126957714,0.2925503061817789,0.3302230401375743,0.33313821779358044
2019-06-21,64.44999694824219,64.69000244140625,64.38999938964844,54.15787124633789,54.15787124633789,['three black crows'],None,34.30673668684197,0.8000101724225624,-34.10674685926453,53.05630664825439,0,0.3145075709884555,0.2756934543830529,0.32607571886967923,0.3307962999079068
2019-06-24,62.79999923706055,64.11000061035156,62.79999923706055,53.41817092895508,53.41817092895508,['three black crows'],None,7.1616934908520165,1.0,-7.1616934908520165,53.043277740478516,0,0.22901545822125602,0.24415448048458055,0.24364958734430253,0.2792741064230828
2019-06-25,63.43000030517578,63.540000915527344,63.060001373291016,53.1575927734375,53.1575927734375,['three black crows'],None,21.40086943391428,0.22916815678420713,-20.63003759069849,53.02604598999024,0,0.26165800190102395,0.21315939644405546,0.25712818370980006,0.26112410995695035
2019-06-26,62.959999084472656,64.5999984741211,62.93000030517578,54.3007698059082,54.3007698059082,['three black crows'],None,5.18517291790397,0.9820366394079217,-5.1672095573118915,53.04916133880615,0,0.23730560608327655,0.27079927539433557,0.2503888855270513,0.34074958377418074
2019-06-27,64.66000366210938,65.52999877929688,64.66000366210938,54.712646484375,54.712646484375,['three black crows'],None,11.433808053879613,1.0,-11.433808053879613,53.12691402435303,0,0.32538874830290476,0.3213702456569192,0.3400728292712447,0.3694379450215246
2019-06-28,64.91999816894531,65.22000122070312,64.5,54.51091384887695,54.51091384887695,['three black crows'],None,14.457037044886196,0.41667019878777606,-13.873707243673971,53.1987829208374,0,0.3388599668062029,0.3045133938581932,0.3317781867354537,0.3553867034118028
2019-07-01,65.93000030517578,66.73999786376953,65.11000061035156,54.72945785522461,54.72945785522461,['three black crows'],None,6.871510014182273,0.49693185488211866,-6.368441869064391,53.32486820220947,0,0.39119168577803753,0.38716681301079126,0.36340081926008727,0.3706089039643614
2019-07-02,65.38999938964844,65.66000366210938,64.83000183105469,54.83872985839844,54.83872985839844,['three black crows'],None,12.712344884640132,0.32530563470907253,-12.037650519349205,53.488358688354495,0,0.36321236262395074,0.32843956921102135,0.34888559033277833,0.37822000424064095
2019-07-03,65.25,66.58000183105469,65.25,55.87263488769531,55.87263488769531,['three black crows'],None,7.050640753530741,1.0,-7.050640753530741,53.61234264373779,0,0.3559585079512724,0.37846664961565724,0.3706584337237415,0.4502343777815918
2019-07-04,66.83000183105469,67.30000305175781,66.56999969482422,56.4946517944336,56.4946517944336,['three black crows'],None,14.157948642914615,0.6438343279370421,-13.801782970851656,53.78213748931885,0,0.4378238910348484,0.4176184220597743,0.4390876526027152,0.49355959296223695
2019-07-05,67.0999984741211,67.30000305175781,66.63999938964844,56.18363952636719,56.18363952636719,['three black crows'],None,16.539846025801083,0.30303555740509547,-15.842881583206177,53.96748294830322,0,0.45181335495917585,0.4176184220597743,0.44271645983454233,0.47189671966759317
2019-07-08,66.81999969482422,67.4000015258789,66.58999633789062,56.14161682128906,56.14161682128906,['three black crows'],None,13.183104295980936,0.7160470570505515,-12.899151353031488,54.15619087219238,1,0.43730564561381957,0.4230560760400337,0.4401242851645262,0.4689697208669825
2019-07-09,66.54000091552734,66.54000091552734,65.4000015258789,55.62886428833008,55.62886428833008,['three black crows'],sell,9.571177604368835,0.0,-8.571177604368835,54.29446430206299,1,0.4227979362684633,0.3762915050502724,0.37843456222346417,0.4332550745539754
2019-07-10,66.33999633789062,66.33999633789062,65.55999755859375,55.25901412963867,55.25901412963867,['three black crows'],sell,14.206409679564928,0.0,-13.206409679564928,54.420969581604005,1,0.4124350043750429,0.3654157822233479,0.38672880924892983,0.4074939778115634
2019-07-11,65.98999786376953,66.08999633789062,65.0,54.63699722290039,54.63699722290039,['three black crows'],sell,10.41563191197469,0.09174202760590196,-9.507373939580592,54.5104902267456,1,0.39430036769334764,0.35182143983949654,0.3576983513943124,0.36416876263091913
2019-07-12,65.3499984741211,66.48999786376953,62.9900016784668,55.55321502685547,55.55321502685547,['three black crows'],None,2.7990840356925264,0.3257144663287205,-2.124798502021247,54.66263313293457,1,0.36113977624526683,0.3735724706269399,0.25349937647797294,0.4279858921633699
2019-07-15,66.08000183105469,67.08999633789062,65.87999725341797,55.85581588745117,55.85581588745117,['three black crows'],None,8.44974684262628,0.834706835564355,-8.284453678190633,54.84167404174805,1,0.39896378587174475,0.40619880937490205,0.40331769881018653,0.449062887430113
2019-07-16,66.94000244140625,67.16999816894531,66.5199966430664,56.41060256958008,56.41060256958008,['three black crows'],None,16.199038698545724,0.3538387501907344,-15.552877448736458,54.99297676086426,1,0.44352340474987173,0.4105490985056717,0.43649547793269905,0.487705329656694
2019-07-17,67.12000274658203,67.12000274658203,66.61000061035156,55.99030685424805,55.99030685424805,['three black crows'],sell,21.822841713165886,0.0,-20.822841713165886,55.102250289916995,1,0.452849845801234,0.40783047894874525,0.4411613132366625,0.4584305589728084
2019-07-18,66.13999938964844,66.37999725341797,65.98999786376953,55.47756576538086,55.47756576538086,['three black crows'],sell,27.33961618216675,0.6153801009429164,-26.95499628310967,55.16655387878418,1,0.40207246778705485,0.36759092678873273,0.4090201666759614,0.422716709772764
2019-07-19,66.58999633789062,67.30000305175781,66.47000122070312,55.87263488769531,55.87263488769531,['three black crows'],None,12.912455188896038,0.8554278885927016,-12.76788307748874,55.25229206085205,1,0.42538837276274455,0.4176184220597743,0.4339036987730083,0.4502343777815918
2019-07-22,66.44999694824219,67.0,66.44000244140625,56.040748596191406,56.040748596191406,['three black crows'],None,18.58802452316076,0.9821525885558583,-18.57017711171662,55.38342094421387,1,0.4181345180900662,0.40130504525259036,0.4323485521751289,0.4619439672099608
2019-07-23,67.58000183105469,69.94000244140625,67.33000183105469,58.20101165771485,58.20101165771485,['three black crows'],None,3.5934819846944417,0.9042145817865056,-3.4976965664809474,55.63559188842773,1,0.47668399619795254,0.5611746444439327,0.478486413627071,0.6124123242166641
2019-07-24,69.26000213623047,70.19999694824219,68.75,58.72216033935547,58.72216033935547,['three black crows'],None,7.267492396897723,0.6482736485419933,-6.915766045439717,55.8566614151001,1,0.5637306475755226,0.5753124618193262,0.5520995863357512,0.6487117857402867
2019-07-25,70.30999755859375,70.3499984741211,68.58999633789062,58.04130554199219,58.04130554199219,['three black crows'],sell,6.970839275728585,0.02272776532704487,-5.99356704105563,56.02309436798096,1,0.6181345576206092,0.5834691502229181,0.5438049437999601,0.6012883471118737
2019-07-26,69.05000305175781,69.30999755859375,68.47000122070312,57.80594253540039,57.80594253540039,['three black crows'],sell,13.385844686648502,0.3095186194368756,-12.695363306085376,56.18784580230713,1,0.5528498655665053,0.5269166361221274,0.5375843574084422,0.5848946562078359
2019-07-29,68.36000061035156,68.63999938964844,67.98999786376953,57.48653030395508,57.48653030395508,['three black crows'],sell,16.728376586030024,0.4307663415378476,-16.15914292756787,56.325699424743654,1,0.5170984423187117,0.49048389810134285,0.5127008253113954,0.562646701998256
2019-07-30,68.56999969482422,68.56999969482422,66.69000244140625,56.4946517944336,56.4946517944336,['three black crows'],sell,6.4230667775906465,0.0,-5.4230667775906465,56.40849552154541,1,0.527979224327729,0.48667749882852096,0.44530863450455804,0.49355959296223695
2019-07-31,67.41999816894531,67.41999816894531,66.66999816894531,56.25929260253906,56.25929260253906,['three black crows'],sell,14.880940755208334,0.0,-13.880940755208334,56.4278284072876,1,0.4683936506832165,0.4241434408895235,0.4442716064324217,0.47716616776251985
2019-08-01,66.79000091552734,67.73999786376953,66.69999694824219,56.687984466552734,56.687984466552734,['three black crows'],None,9.713468803873381,0.9134577999486484,-9.62692660382203,56.43749504089355,1,0.4357513046561645,0.44154418254619676,0.44582675303030106,0.5070257536570213
2019-08-02,65.93000030517578,66.0,63.84999847412109,54.56975173950195,54.56975173950195,['three black crows'],sell,5.283832792178972,0.032557974485903265,-4.316390766664875,56.356800651550294,1,0.39119168577803753,0.34692767571718486,0.2980818935768723,0.35948492685957145
2019-08-05,63.97999954223633,64.0,62.709999084472656,53.24165344238281,53.24165344238281,['three black crows'],sell,8.324293394368446,0.01550421982103464,-7.3397976141894805,56.21180248260498,1,0.29015537282342363,0.2381729366463734,0.23898394979550153,0.26697917037545604
2019-08-06,63.41999816894531,63.83000183105469,62.34999847412109,52.78774642944336,52.78774642944336,['three black crows'],sell,7.183937583446279,0.2770288730688126,-6.4609664565150915,56.069746589660646,1,0.2611397564799951,0.22892888339329165,0.22032139960029706,0.23536327891885955
2019-08-07,62.5,62.84999847412109,61.59999847412109,52.28340530395508,52.28340530395508,['three black crows'],sell,8.173275756835938,0.27999877929686934,-7.453274536132807,55.920966148376465,1,0.21347145568655757,0.1756388787073755,0.18144115261200922,0.20023451063375264
2019-08-08,63.02000045776367,63.02000045776367,62.11000061035156,52.63644409179688,52.63644409179688,['three black crows'],None,11.410503414364216,0.0,-10.410503414364216,55.82093849182129,1,0.24041448565130263,0.1848831393936603,0.20787983130693632,0.22482464843332783
2019-08-09,62.38999938964844,62.400001525878906,60.900001525878906,51.375587463378906,51.375587463378906,['three black crows'],sell,7.3429412841796875,0.0066680908203125,-6.349609375,55.61205711364746,1,0.2077719419715347,0.15116922836300573,0.14515308029373797,0.13700246201623845
2019-08-12,61.18999862670898,61.54999923706055,60.54999923706055,51.375587463378906,51.375587463378906,['three black crows'],sell,9.814411163330071,0.3600006103515696,-9.17441177368164,55.388045692443846,1,0.14559573418002492,0.10494833979798912,0.12700884637943943,0.13700246201623845
2019-08-13,60.720001220703125,62.0099983215332,59.709999084472656,51.484859466552734,51.484859466552734,['three black crows'],None,4.0152803554635605,0.5608684907559903,-3.5761488462195508,55.14175853729248,1,0.12124353601499349,0.12996188000030706,0.08346296184235058,0.14461356229251798
2019-08-14,61.310001373291016,61.310001373291016,59.16999816894531,49.99705505371094,49.99705505371094,['three black crows'],sell,5.286415598166809,0.0,-4.286415598166809,54.842095947265626,1,0.15181349331607707,0.09189788727208548,0.05546913654954455,0.04098382870361261
2019-08-15,59.93000030517578,59.93000030517578,58.09999847412109,49.6356086730957,49.6356086730957,['three black crows'],sell,5.625344990035916,0.0,-4.625344990035916,54.549998092651364,0,0.08031084447320547,0.016857059231928595,0.0,0.015808078580458407
2019-08-16,59.45000076293945,59.63999938964844,58.90999984741211,50.13154220581055,50.13154220581055,['three black crows'],None,12.765019726700285,0.26027225459201003,-12.025291981292295,54.26294345855713,0,0.05544040088714475,0.0010875722826924061,0.04199073793920949,0.050351234541986756
2019-08-19,60.29999923706055,60.709999084472656,60.0099983215332,50.81240463256836,50.81240463256836,['three black crows'],None,13.553691805494248,0.5857134293546085,-13.139405234848857,54.001526260375975,0,0.09948177434424288,0.05927134109092025,0.09901502108663296,0.09777520457904165
2019-08-20,60.209999084472656,60.38999938964844,59.900001525878906,50.350093841552734,50.350093841552734,['three black crows'],None,20.122343324250682,0.3673491630984819,-19.489692487349163,53.608980369567874,0,0.09481855381856175,0.041870599434246536,0.09331275097602099,0.06557396650318736
2019-08-21,59.70000076293945,61.02000045776367,59.70000076293945,51.1738510131836,51.1738510131836,['three black crows'],None,6.459205849203821,1.0,-6.459205849203821,53.231564903259276,0,0.06839376927484597,0.07612840032284884,0.0829446455614451,0.1229509547021963
2019-08-22,60.58000183105469,61.06999969482422,60.560001373291016,51.14863204956055,51.14863204956055,['three black crows'],None,18.49294278683252,0.9607832870830934,-18.45372607391561,52.88693122863769,0,0.11398968134231513,0.07884722731297877,0.12752736041550738,0.12119438343578004
2019-08-23,61.16999816894531,61.16999816894531,58.619998931884766,49.408653259277344,49.408653259277344,['three black crows'],None,4.612293501399471,0.0,-3.6122935013994706,52.46706676483154,0,0.14455944099068319,0.08428488129323819,0.026956994975832593,0.0
2019-08-26,58.380001068115234,59.77999877929688,58.20000076293945,50.10633087158203,50.10633087158203,['three black crows'],None,5.236506698665072,0.8860756131892121,-5.122582311854284,52.09805679321289,0,0.0,0.008700370828337078,0.005184151584869401,0.04859519468421292
2019-08-27,59.650001525878906,60.310001373291016,59.40999984741211,49.93821334838867,49.93821334838867,['three black crows'],None,10.790857457720511,0.7333319204848896,-10.5241893782054,51.77023487091064,0,0.06580313512784874,0.037520517736679526,0.06791090259806776,0.03688533955152273
2019-08-28,59.619998931884766,59.619998931884766,59.04999923706055,50.0558967590332,50.0558967590332,['three black crows'],None,16.779135602521716,0.0,-15.779135602521716,51.460065078735354,0,0.06424859651747816,0.0,0.04924835240286374,0.04508231785570205
2019-08-29,59.63999938964844,60.310001373291016,59.63999938964844,50.50140380859375,50.50140380859375,['three black crows'],None,13.639654514709315,1.0,-13.639654514709315,51.150736045837405,0,0.06528488970681989,0.037520517736679526,0.07983415461052346,0.07611312839736195
2019-08-30,60.27999877929688,61.09999847412109,60.27999877929688,51.19066619873047,51.19066619873047,['three black crows'],None,11.084556052810518,1.0,-11.084556052810518,50.981781768798825,0,0.09844548115490115,0.08047848202041541,0.11301193373303642,0.12412217934935388
2019-09-02,60.59999847412109,60.900001525878906,60.34000015258789,50.71994400024414,50.71994400024414,['three black crows'],None,17.642911151831377,0.5357184215366507,-17.178629573368028,50.855696296691896,0,0.11502577687894089,0.06960317405989702,0.11612242468395761,0.09133506324559937
2019-09-03,60.70000076293945,60.70000076293945,60.040000915527344,50.77038192749024,50.77038192749024,['three black crows'],None,15.044880501690594,0.0,-14.044880501690594,50.75482807159424,0,0.12020724282565132,0.058727658666175575,0.10057036543967524,0.09484820577843145
2019-09-04,60.900001525878906,61.54999923706055,60.900001525878906,51.47645568847656,51.47645568847656,['three black crows'],None,14.49781387733064,1.0,-14.49781387733064,50.714480590820315,0,0.13056997706635576,0.10494833979798912,0.14515308029373797,0.14402821567326018
2019-09-05,61.9900016784668,62.43000030517578,61.84000015258789,52.39268112182617,52.39268112182617,['three black crows'],None,16.266640804319014,0.7457601913813726,-16.012400995700386,50.70229244232178,0,0.18704667114284224,0.1528004830704428,0.1938829186605333,0.20784587661435294
2019-09-06,62.5,63.0099983215332,61.9900016784668,52.30862045288086,52.30862045288086,['three black crows'],None,9.99158145901431,0.5,-9.49158145901431,50.74894409179687,0,0.21347145568655757,0.18433924953571257,0.20165904716025596,0.20199081619584724
2019-09-09,62.5099983215332,63.36000061035156,62.5099983215332,53.25846099853516,53.25846099853516,['three black crows'],None,10.884132248466264,1.0,-10.884132248466264,50.84308776855469,0,0.2139895034548709,0.20337145333302642,0.22861584438092564,0.26814986361397253
2019-09-10,63.02999877929688,64.43000030517578,63.02999877929688,53.93092346191406,53.93092346191406,['three black crows'],None,6.499332428706149,1.0,-6.499332428706149,50.96539096832275,0,0.24093253341961596,0.26155522214125426,0.25557283935675823,0.31498875273608995
2019-09-11,64.30999755859375,64.55000305175781,63.459999084472656,53.58628463745117,53.58628463745117,['three black crows'],None,9.838232926667086,0.22018772441887324,-9.05842065108596,51.14485244750976,0,0.30725371631577714,0.2680806558374087,0.2778641967837894,0.2909836958514518
2019-09-12,63.93000030517578,64.58000183105469,63.900001525878906,54.283958435058594,54.283958435058594,['three black crows'],None,14.185349325135478,0.9558841678914831,-14.141233493026961,51.37726993560791,0,0.28756473867642685,0.2697119105448462,0.3006740682468889,0.33957862483134393
2019-09-13,64.61000061035156,65.5,64.55000305175781,54.8891716003418,54.8891716003418,['three black crows'],None,10.23248446007806,0.9368444722851315,-10.169328932363193,51.61515140533447,0,0.32279791650319156,0.31973899094948166,0.33437036140546983,0.3817334124777938
2019-09-16,64.33999633789062,65.19000244140625,64.33999633789062,54.79670715332031,54.79670715332031,['three black crows'],None,11.227318421714,1.0,-11.227318421714,51.81436653137207,0,0.3088080572734322,0.3028821391507561,0.3234835441996631,0.3752930054400303
2019-09-17,65.08999633789062,65.08999633789062,63.709999084472656,54.31758499145508,54.31758499145508,['three black crows'],None,7.806110714897804,0.0,-6.806110714897804,52.01274108886719,0,0.3476681624365363,0.2974440703040906,0.2908242791132185,0.34192080842133876
2019-09-18,64.33999633789062,64.66000366210938,64.33999633789062,54.35120391845703,54.35120391845703,['three black crows'],None,31.214261872973488,1.0,-31.214261872973488,52.17160873413086,0,0.3088080572734322,0.27406219967561585,0.3234835441996631,0.3442624606026916
2019-09-19,64.83999633789062,65.08999633789062,64.45999908447266,54.55293655395508,54.55293655395508,['three black crows'],None,16.328737511353314,0.3968271268543748,-15.72556463820769,52.341823959350585,0,0.3347147940488351,0.2974440703040906,0.32970452610150636,0.35831370221241343
2019-09-20,64.63999938964844,65.37000274658203,64.63999938964844,54.73786926269531,54.73786926269531,['three black crows'],None,13.564499440862013,1.0,-13.564499440862013,52.60828475952148,0,0.3243522574608466,0.31267008226178516,0.33903580119910837,0.37119478199226164
2019-09-23,65.0999984741211,65.0999984741211,63.61000061035156,53.63672256469727,53.63672256469727,['three black crows'],None,7.6934847949533225,0.0,-6.6934847949533225,52.784804344177246,1,0.34818640785756516,0.2979879601620383,0.2856403252835116,0.2944968383842843
2019-09-24,63.88999938964844,63.970001220703125,63.36000061035156,53.25846099853516,53.25846099853516,['three black crows'],sell,17.428734022062674,0.1311504114866048,-16.55988443354928,52.95081672668457,1,0.2854921522977425,0.23654168193893632,0.27268024295408244,0.26814986361397253
2019-09-25,63.209999084472656,63.59999847412109,62.619998931884766,53.23324966430664,53.23324966430664,['three black crows'],sell,10.180361306495572,0.39795874675458204,-9.578320053250154,53.10968437194824,1,0.2502589744709778,0.21642190585892962,0.23431831224670052,0.26639382375619824
2019-09-26,63.209999084472656,63.540000915527344,63.18000030517578,53.10716247558594,53.10716247558594,['three black crows'],sell,28.063387445428727,0.916670198787776,-27.980057644216505,53.239972305297854,1,0.2502589744709778,0.21315939644405546,0.26334896785648043,0.2576114988327607
2019-09-27,63.220001220703125,64.0,63.220001220703125,53.79642868041992,53.79642868041992,['three black crows'],None,12.081522164403928,1.0,-12.081522164403928,53.37026042938233,1,0.25077721989200663,0.2381729366463734,0.2654226284904282,0.3056208154890738
2019-09-30,63.52999877929688,64.76000213623047,63.52999877929688,54.43526077270508,54.43526077270508,['three black crows'],None,7.394075760301254,1.0,-7.394075760301254,53.55602626800537,1,0.2668392701950184,0.27949985365587526,0.28149300401561694,0.3501172553168761
2019-10-01,65.44000244140625,65.6500015258789,64.29000091552734,54.04019546508789,54.04019546508789,['three black crows'],sell,8.382207250165491,0.15441102222621145,-7.536618272391702,53.71951694488526,1,0.3658031944236635,0.32789567935307407,0.3208917650399723,0.3225998530123695
2019-10-02,64.3499984741211,64.3499984741211,63.209999084472656,53.16600036621094,53.16600036621094,['three black crows'],sell,9.810529908581065,0.0,-8.810529908581065,53.80399417877197,1,0.3093263026944615,0.2572049330104842,0.2649041144543598,0.26170972228052936
2019-10-04,63.400001525878906,63.400001525878906,61.77000045776367,52.51876449584961,52.51876449584961,['three black crows'],sell,6.675601165471162,0.0,-5.675601165471162,53.81029834747314,1,0.2601036609433689,0.20554659789841123,0.19025411142870619,0.2166279358334693
2019-10-07,62.5,62.869998931884766,61.66999816894531,52.84658432006836,52.84658432006836,['three black crows'],None,8.044507952049285,0.3083322472049413,-7.352840199254227,53.83719654083252,1,0.21347145568655757,0.17672645099006834,0.18506995984383678,0.23946150236662822
2019-10-08,62.709999084472656,62.709999084472656,61.619998931884766,52.07326126098633,52.07326126098633,['three black crows'],sell,9.758473701340744,0.0,-8.758473701340744,53.77793655395508,1,0.22435223769557489,0.16802608016173126,0.18247798292898354,0.1855973909961306
2019-10-09,61.86000061035156,62.59000015258789,61.5,52.459922790527344,52.459922790527344,['three black crows'],None,8.623923398089852,0.6697242569215748,-8.293647655011426,53.70438652038574,1,0.18031086423847675,0.16150085389877944,0.17625719878230317,0.2125294466813794
2019-10-10,62.400001525878906,63.18000030517578,62.310001373291016,53.10716247558594,53.10716247558594,['three black crows'],None,10.681437309538948,0.8965514217438011,-10.577988731282748,53.68043041229248,1,0.20829018739256355,0.19358351022199694,0.21824793672151221,0.2576114988327607
2019-10-11,63.70000076293945,64.87000274658203,63.70000076293945,54.52772903442383,54.52772903442383,['three black crows'],None,7.839535194598137,1.0,-7.839535194598137,53.692618942260744,1,0.27564766347806735,0.2854813974940824,0.290305962832313,0.3565579280589608
2019-10-14,65.05000305175781,65.05000305175781,64.04000091552734,53.8804817199707,53.8804817199707,['three black crows'],sell,11.058908621197586,0.0,-10.058908621197586,53.64218444824219,1,0.3455959713632839,0.29526934060511145,0.30793168271054316,0.3114753444989371
2019-10-15,65.18000030517578,66.41999816894531,65.16999816894531,55.81379699707031,55.81379699707031,['three black crows'],None,7.492962646484375,0.991998291015625,-7.4849609375,53.69303894042969,1,0.3523315806149334,0.36976607135411754,0.36651111245584644,0.44613615433382314
2019-10-16,66.4000015258789,67.55000305175781,66.4000015258789,56.51146697998047,56.51146697998047,['three black crows'],None,8.598714282871036,1.0,-8.598714282871036,53.80273303985596,1,0.41554408159578493,0.43121276444362566,0.43027489154118115,0.4947308176093941
2019-10-17,67.16000366210938,68.5,67.16000366210938,56.746826171875,56.746826171875,['three black crows'],None,7.771049215422806,1.0,-7.771049215422806,53.92251415252686,1,0.4549224321799179,0.4828710995556986,0.46967365256553695,0.5111242428091107
2019-10-18,66.80000305175781,67.76000213623047,66.80000305175781,56.57030487060547,56.57030487060547,['three black crows'],sell,10.65594576766882,1.0,-10.65594576766882,54.023382568359374,1,0.43626955007719337,0.4426319622620922,0.45101110237033293,0.49882904105716275
2019-10-21,67.3499984741211,68.29000091552734,67.3499984741211,56.9905891418457,56.9905891418457,['three black crows'],None,11.020619602623206,1.0,-11.020619602623206,54.13601856231689,1,0.4647667233468775,0.47145190173723206,0.4795230461888824,0.5281030146280856
2019-10-22,68.0,68.5,68.0,57.42768478393555,57.42768478393555,['three black crows'],None,21.144630432128906,1.0,-21.144630432128906,54.32556667327881,1,0.4984455602159872,0.4828710995556986,0.5132193393474633,0.5585479471418449
2019-10-23,68.19999694824219,69.0199966430664,68.19999694824219,57.881591796875,57.881591796875,['three black crows'],None,12.58342559941942,1.0,-12.58342559941942,54.5567232131958,1,0.5088080968039757,0.5111471491728912,0.5235872470068768,0.5901638385984418
2019-10-24,68.94999694824219,70.08999633789062,68.83000183105469,58.02449035644531,58.02449035644531,['three black crows'],None,8.671074780502574,0.9047653648198607,-8.575840145322434,54.796285247802736,1,0.5476682019670798,0.569330917981119,0.5562469076036463,0.6001171224647157
2019-10-25,69.43000030517578,69.52999877929688,69.04000091552734,58.44477844238281,58.44477844238281,['three black crows'],None,22.41891786687427,0.20407940833008953,-21.62299727520436,55.06316604614258,1,0.572538843205856,0.5388797237985417,0.5671333292991281,0.6293913617399589
2019-10-28,69.38999938964844,70.5,69.33000183105469,58.83143615722656,58.83143615722656,['three black crows'],None,9.02442714242863,0.9487199551364816,-8.97314709756511,55.31491641998291,1,0.5704662568271721,0.5916258386265101,0.582167072262505,0.656323151720887
2019-10-29,69.98999786376953,69.98999786376953,69.43000030517578,58.78100204467773,58.78100204467773,['three black crows'],sell,20.01615122615805,0.0,-19.01615122615805,55.53220348358154,1,0.601554261896569,0.5638932640008596,0.5873510260922115,0.6528102748923761
2019-10-30,69.86000061035156,69.98999786376953,69.01000213623047,58.1169548034668,58.1169548034668,['three black crows'],sell,11.98275204359673,0.1326508369015181,-11.115402880498248,55.73604145050049,1,0.5948186526449195,0.5638932640008596,0.5655781827012483,0.6065575295024788
2019-10-31,68.81999969482422,68.81999969482422,68.25,57.77231979370117,57.77231979370117,['three black crows'],sell,19.381904940370227,0.0,-18.381904940370227,55.966357421875,1,0.5409325927154303,0.5002718412123723,0.5261794216768925,0.5825527383221623
2019-11-01,68.9800033569336,69.54000091552734,68.77999877929688,58.37752532958984,58.37752532958984,['three black crows'],None,13.950589770616885,0.7368368217637906,-13.687426592380675,56.25929546356201,1,0.5492229382301663,0.5394236136564894,0.5536547329336305,0.6247069945599693
2019-11-04,70.63999938964844,71.69999694824219,70.44000244140625,60.01664352416992,60.01664352416992,['three black crows'],None,8.431271571298819,0.8412715712988192,-8.27254314259764,56.61779842376709,1,0.6352330987656787,0.6568785161224344,0.6397098694459968,0.73887615574737
2019-11-05,71.69999694824219,73.0,71.5,61.109375,61.109375,['three black crows'],None,7.060414632161458,0.866668701171875,-6.927083333333333,57.069604110717776,1,0.6901552542317941,0.7275692624650243,0.694660491959473,0.8149879556231268
2019-11-06,72.94999694824219,73.5,71.69000244140625,61.62212371826172,61.62212371826172,['three black crows'],None,6.258501938964762,0.30386949924127465,-5.5623714382060365,57.52771415710449,1,0.7549220961703011,0.754757947232727,0.704510281093143,0.8507023362318131
2019-11-07,73.51000213623047,75.04000091552734,73.51000213623047,62.61399459838867,62.61399459838867,['three black crows'],None,7.121579236062631,1.0,-7.121579236062631,58.00305576324463,1,0.7839379101664457,0.8384991461012206,0.7988596646309749,0.9197889138591906
2019-11-08,74.0,75.5,73.93000030517578,63.12674331665039,63.12674331665039,['three black crows'],None,6.9256425457885245,0.9554141984517671,-6.881056744240292,58.43300647735596,1,0.8093264015208192,0.8635126863035385,0.8206325080219381,0.9555032944678761
2019-11-11,74.5999984741211,75.18000030517578,74.2300033569336,63.00906753540039,63.00906753540039,['three black crows'],sell,12.201019129764372,0.6105302044684303,-11.8115493342328,58.88943576812744,1,0.8404144065902162,0.8461119446468643,0.836184765021383,0.9473068475723387
2019-11-12,75.3499984741211,75.80999755859375,74.77999877929688,62.85776519775391,62.85776519775391,['three black crows'],sell,12.12839619566827,0.44660158217534296,-11.574997777843613,59.24163417816162,1,0.8792745117533203,0.880369538102264,0.8646967088399324,0.9367682170868079
2019-11-13,74.58000183105469,74.58000183105469,73.27999877929688,61.96676635742188,61.96676635742188,['three black crows'],sell,9.70246604927403,0.0,-8.70246604927403,59.51439914703369,1,0.83937831105359,0.8134856058989026,0.7869362148633572,0.874707658820773
2019-11-14,72.9800033569336,73.51000213623047,72.76000213623047,61.62212371826172,61.62212371826172,['three black crows'],sell,15.143839518229166,0.7066650390625,-14.850504557291666,59.75816402435303,1,0.7564768324333877,0.7553018370906748,0.7599794176426871,0.8507023362318131
2019-11-15,73.6500015258789,74.69999694824219,73.6500015258789,62.79050827026367,62.79050827026367,['three black crows'],None,10.342419618528611,1.0,-10.342419618528611,60.069174194335936,1,0.7911917648391236,0.8200106247286509,0.8061172790946292,0.9320835842024966
2019-11-18,74.58000183105469,74.80000305175781,72.91999816894531,61.428802490234375,61.428802490234375,['three black crows'],sell,6.995300629829232,0.11702162197259919,-6.112322251801831,60.29108486175537,1,0.83937831105359,0.8254486935753169,0.7682736646681527,0.8372369726499915
2019-11-19,73.83999633789062,74.18000030517578,73.3499984741211,61.706180572509766,61.706180572509766,['three black crows'],None,14.6190228881331,0.40964243037043846,-14.028665318503538,60.50500965118408,1,0.8010360560060832,0.7917345751114588,0.7905650220951843,0.8565571309459976
2019-11-20,73.22000122070312,73.4000015258789,72.75,61.647342681884766,61.647342681884766,['three black crows'],sell,17.804048264610255,0.2769228963461155,-17.080971160956373,60.69329719543457,1,0.7689119554000601,0.7493202932524676,0.7594609036066191,0.852458907498229
2019-11-21,73.18000030517578,73.70999908447266,73.18000030517578,61.79864501953125,61.79864501953125,['three black crows'],None,21.474304715840386,1.0,-21.474304715840386,60.88200492858887,1,0.7668393690213762,0.7661771450511932,0.7817522610336503,0.8629975379837607
2019-11-22,73.70999908447266,74.31999969482422,73.63999938964844,62.34501266479492,62.34501266479492,['three black crows'],None,16.713207822369824,0.8970593185158591,-16.610267140885682,61.07701663970947,1,0.7943004467544337,0.7993473736571035,0.8055987650585612,0.9010535707737999
2019-11-25,74.4800033569336,74.4800033569336,74.0,62.44588470458984,62.44588470458984,['three black crows'],None,25.07090518954146,0.0,-24.07090518954146,61.25773906707764,1,0.8341970427595959,0.8080479519186428,0.8242613152537652,0.9080795901351415
2019-11-26,74.38999938964844,74.38999938964844,73.63999938964844,61.94994735717773,61.94994735717773,['three black crows'],sell,16.58673604329428,0.0,-15.58673604329428,61.41618633270264,1,0.8295336245811988,0.8031537729299254,0.8055987650585612,0.8735361684692924
2019-11-27,73.69999694824219,74.62999725341797,73.68000030517578,62.7316780090332,62.7316780090332,['three black crows'],None,11.545635972309224,0.978950834417514,-11.524586806726738,61.646922492980956,1,0.7937822013334048,0.816204225455829,0.807672425692509,0.9279858921633695
2019-11-28,74.47000122070312,74.5,73.4800033569336,61.7650260925293,61.7650260925293,['three black crows'],sell,12.455898962548526,0.02941066473188574,-11.485309627280412,61.846557807922366,1,0.8336787973385666,0.8091353167681321,0.7973045180330955,0.8606558858024087
2019-11-29,73.38999938964844,73.63999938964844,73.05000305175781,61.52965927124024,61.52965927124024,['three black crows'],sell,20.10239616200278,0.4237314436455801,-19.526127605648362,62.00416450500488,1,0.7777201510303935,0.7623707457783713,0.775013160606064,0.8442619291940501
2019-12-02,73.4000015258789,73.7699966430664,71.91999816894531,60.52938079833984,60.52938079833984,['three black crows'],sell,6.957098023366591,0.19999752559973277,-6.157095548966323,62.02980136871338,1,0.7782383964514223,0.7694396544660682,0.7164333353504357,0.7745897392430932
2019-12-03,72.11000061035156,72.47000122070312,71.77999877929688,60.52938079833984,60.52938079833984,['three black crows'],sell,16.78344758956215,0.5217381689517913,-16.305185758513943,62.00080165863037,1,0.7113989681342319,0.698749322989884,0.7091757208867815,0.7745897392430932
2019-12-04,72.30999755859375,72.66000366210938,71.6500015258789,61.07575988769531,61.07575988769531,['three black crows'],None,11.122984068951451,0.3465399635904912,-10.469524032541942,61.97348346710205,1,0.7217615047222199,0.7090811559588608,0.7024366204591952,0.8126465691460956
2019-12-05,72.97000122070312,73.4000015258789,72.91000366210938,61.31951904296875,61.31951904296875,['three black crows'],None,23.776597898014792,0.8775554690541066,-23.654153367068897,61.908759689331056,1,0.7559585870123589,0.7493202932524676,0.7677555461424097,0.8296250752607488
2019-12-06,73.0199966430664,73.68000030517578,72.95999908447266,61.93313980102539,61.93313980102539,['three black crows'],None,15.398386173865129,0.916670198787776,-15.315056372652906,61.8490795135498,1,0.7585490235066401,0.7645458903437561,0.7703473253021005,0.8723654752307777
2019-12-09,73.9000015258789,74.0199966430664,73.08000183105469,61.59690856933594,61.59690856933594,['three black crows'],sell,13.088468999326336,0.12765508453253469,-12.216124083858872,61.77847156524658,1,0.8041451332268252,0.7830339968499196,0.7765683072039438,0.8489460306697181
2019-12-10,72.98999786376953,73.16999816894531,72.08999633789062,61.44561004638672,61.44561004638672,['three black crows'],sell,10.689229856313313,0.16666666666666666,-9.85589652297998,61.70786380767822,1,0.756994682548985,0.7368133157181056,0.7252460964119698,0.8384076658885071
2019-12-11,73.30000305175781,74.30000305175781,73.30000305175781,62.37863159179688,62.37863159179688,['three black crows'],None,10.92137145996093,1.0,-10.92137145996093,61.728457069396974,1,0.7730571281574283,0.7982600088076133,0.7879732429354935,0.9033952229551527
2019-12-12,74.22000122070312,75.06999969482422,73.86000061035156,62.74848937988281,62.74848937988281,['three black crows'],None,9.480595471541076,0.7024786093053462,-9.183074080846422,61.78477535247803,1,0.8207254289508654,0.8401304008086576,0.817003700790111,0.9291568511062067
2019-12-13,75.98999786376953,77.0199966430664,75.76000213623047,63.76557922363281,63.76557922363281,['three black crows'],None,9.701961852861036,0.8174629125037844,-9.51942476536482,61.83352890014648,1,0.9124351032014011,0.9461661054561361,0.915500405595838,1.0
2019-12-16,76.37999725341797,76.37999725341797,75.18000030517578,63.75716781616211,63.75716781616211,['three black crows'],sell,10.519051282377326,0.0,-9.519051282377326,61.94994716644287,1,0.9326423262617807,0.9113646221427887,0.8854329196690842,0.9994141219720998
2019-12-17,76.0,76.0,74.87999725341797,63.12674331665039,63.12674331665039,['three black crows'],sell,11.493950994884232,0.0,-10.493950994884232,62.020975303649905,1,0.9129533486224299,0.8907013710712413,0.8698806626696394,0.9555032944678761
2019-12-18,74.7300033569336,75.05000305175781,74.7300033569336,63.084720611572266,63.084720611572266,['three black crows'],sell,36.391543284934315,1.0,-36.391543284934315,62.09284420013428,1,0.8471504111472972,0.8390430359591683,0.8621049296802417,0.9525762956672654
2019-12-19,75.05000305175781,75.19999694824219,73.56999969482422,62.35342788696289,62.35342788696289,['three black crows'],sell,7.789323042214494,0.09202095044629693,-6.881343992660791,62.12058334350586,1,0.8637307068713374,0.8471993094963546,0.8019699578267341,0.9016397145060209
2019-12-20,74.01000213623047,74.30999755859375,73.91999816894531,62.13487243652344,62.13487243652344,['three black crows'],sell,30.44909816502993,0.7692202355334716,-30.2183184005634,62.110076332092284,1,0.8098446469418481,0.7988034837991558,0.8201139939858697,0.8864167168404995
2019-12-23,74.26000213623047,74.26000213623047,73.25,61.722991943359375,61.722991943359375,['three black crows'],sell,12.412855124902745,0.0,-11.412855124902745,62.07393169403076,1,0.8227980153295493,0.7960848642422285,0.7853810682654774,0.8577280898888349
2019-12-27,73.38999938964844,73.73999786376953,73.38999938964844,61.69778060913086,61.69778060913086,['three black crows'],sell,33.40648501362398,1.0,-33.40648501362398,62.06132335662842,1,0.7777201510303935,0.7678083997586302,0.7926386827291321,0.8559720500310606
2019-12-30,73.0,73.33000183105469,73.0,61.63053512573242,61.63053512573242,[],sell,34.452732695242055,1.0,-34.452732695242055,62.00626621246338,1,0.7575129279700139,0.7455138939796453,0.7724209859360482,0.8512882142597133
